aastveit.barley	aastveit.barley
aastveit.barley.covs	aastveit.barley
aastveit.barley.height	aastveit.barley
acorsi.grayleafspot	acorsi.grayleafspot
adugna.sorghum	adugna.sorghum
agridat	agridat
allcroft.lodging	allcroft.lodging
alwan.lamb	alwan.lamb
ansari.wheat.uniformity	ansari.wheat.uniformity
arankacami.groundnut.uniformity	arankacami.groundnut.uniformity
archbold.apple	archbold.apple
ars.earlywhitecorn96	ars.earlywhitecorn96
australia.soybean	australia.soybean
bachmaier.nitrogen	bachmaier.nitrogen
baker.barley.uniformity	baker.barley.uniformity
baker.strawberry.uniformity	baker.strawberry.uniformity
baker.wheat.uniformity	baker.wheat.uniformity
bancroft.peanut.uniformity	bancroft.peanut.uniformity
barrero.maize	barrero.maize
batchelor.apple.uniformity	batchelor.uniformity
batchelor.lemon.uniformity	batchelor.uniformity
batchelor.navel1.uniformity	batchelor.uniformity
batchelor.navel2.uniformity	batchelor.uniformity
batchelor.valencia.uniformity	batchelor.uniformity
batchelor.walnut.uniformity	batchelor.uniformity
battese.survey	battese.survey
beall.webworms	beall.webworms
beaven.barley	beaven.barley
becker.chicken	becker.chicken
besag.bayesian	besag.bayesian
besag.beans	besag.beans
besag.checks	besag.checks
besag.elbatan	besag.elbatan
besag.endive	besag.endive
besag.met	besag.met
besag.triticale	besag.triticale
blackman.wheat	blackman.wheat
bliss.borers	bliss.borers
bond.diallel	bond.diallel
bose.multi.uniformity	bose.multi.uniformity
box.cork	box.cork
bradley.multi.uniformity	bradley.multi.uniformity
brandle.rape	brandle.rape
brandt.switchback	brandt.switchback
bridges.cucumber	bridges.cucumber
broadbalk.wheat	broadbalk.wheat
bryan.corn.uniformity	bryan.corn.uniformity
buntaran.wheat	buntaran.wheat
burgueno.alpha	burgueno.alpha
burgueno.rowcol	burgueno.rowcol
burgueno.unreplicated	burgueno.unreplicated
butron.maize	butron.maize
byers.apple	byers.apple
caribbean.maize	caribbean.maize
carlson.germination	carlson.germination
carmer.density	carmer.density
cate.potassium	cate.potassium
chinloy.fractionalfactorial	chinloy.fractionalfactorial
christidis.competition	christidis.competition
christidis.cotton.uniformity	christidis.cotton.uniformity
christidis.wheat.uniformity	christidis.wheat.uniformity
cleveland.soil	cleveland.soil
cochran.beets	cochran.beets
cochran.bib	cochran.bib
cochran.crd	cochran.crd
cochran.eelworms	cochran.eelworms
cochran.factorial	cochran.factorial
cochran.latin	cochran.latin
cochran.lattice	cochran.lattice
cochran.wireworms	cochran.wireworms
connolly.potato	connolly.potato
cornelius.maize	cornelius.maize
corsten.interaction	corsten.interaction
cox.stripsplit	cox.stripsplit
cramer.cucumber	cramer.cucumber
crampton.pig	crampton.pig
crossa.wheat	crossa.wheat
crowder.seeds	crowder.seeds
cullis.earlygen	cullis.earlygen
damesa.maize	damesa.maize
darwin.maize	darwin.maize
dasilva.maize	dasilva.maize
dasilva.soybean.uniformity	dasilva.soybean.uniformity
davidian.soybean	davidian.soybean
davies.pasture.uniformity	davies.pasture.uniformity
day.wheat.uniformity	day.wheat.uniformity
denis.missing	denis.missing
denis.ryegrass	denis.ryegrass
depalluel.sheep	depalluel.sheep
devries.pine	devries.pine
digby.jointregression	digby.jointregression
diggle.cow	diggle.cow
draper.safflower.uniformity	draper.safflower.uniformity
ducker.groundnut.uniformity	ducker.groundnut.uniformity
durban.competition	durban.competition
durban.rowcol	durban.rowcol
durban.splitplot	durban.splitplot
eden.nonnormal	eden.nonnormal
eden.potato	eden.potato
eden.tea.uniformity	eden.tea.uniformity
edwards.oats	edwards.oats
engelstad.nitro	engelstad.nitro
fan.stability	fan.stability
federer.diagcheck	federer.diagcheck
federer.tobacco	federer.tobacco
fisher.barley	fisher.barley
fisher.latin	fisher.latin
foulley.calving	foulley.calving
fox.wheat	fox.wheat
garber.multi.uniformity	garber.multi.uniformity
gartner.corn	gartner.corn
gathmann.bt	gathmann.bt
gauch.soy	gauch.soy
george.wheat	george.wheat
giles.wheat	giles.wheat
gilmour.serpentine	gilmour.serpentine
gilmour.slatehall	gilmour.slatehall
gomez.fractionalfactorial	gomez.fractionalfactorial
gomez.groupsplit	gomez.groupsplit
gomez.heterogeneity	gomez.heterogeneity
gomez.heteroskedastic	gomez.heteroskedastic
gomez.multilocsplitplot	gomez.multilocsplitplot
gomez.nitrogen	gomez.nitrogen
gomez.nonnormal1	gomez.nonnormal1
gomez.nonnormal2	gomez.nonnormal2
gomez.nonnormal3	gomez.nonnormal3
gomez.rice.uniformity	gomez.rice.uniformity
gomez.seedrate	gomez.seedrate
gomez.splitplot.subsample	gomez.splitplot.subsample
gomez.splitsplit	gomez.splitsplit
gomez.stripplot	gomez.stripplot
gomez.stripsplitplot	gomez.stripsplitplot
gomez.wetdry	gomez.wetdry
gotway.hessianfly	gotway.hessianfly
goulden.barley.uniformity	goulden.barley.uniformity
goulden.eggs	goulden.eggs
goulden.latin	goulden.latin
goulden.splitsplit	goulden.splitsplit
graybill.heteroskedastic	graybill.heteroskedastic
gregory.cotton	gregory.cotton
grover.diallel	grover.diallel
grover.rcb.subsample	grover.rcb.subsample
gumpertz.pepper	gumpertz.pepper
hadasch.lettuce	hadasch.lettuce
hadasch.lettuce.markers	hadasch.lettuce
hanks.sprinkler	hanks.sprinkler
hanover.whitepine	hanover.whitepine
harris.multi.uniformity	harris.multi.uniformity
harris.wateruse	harris.wateruse
harrison.priors	harrison.priors
hartman.tomato.uniformity	hartman.tomato.uniformity
harvey.lsmeans	harvey.lsmeans
harville.lamb	harville.lamb
hayman.tobacco	hayman.tobacco
hazell.vegetables	hazell.vegetables
heady.fertilizer	heady.fertilizer
heath.raddish.uniformity	heath.raddish.uniformity
henderson.milkfat	henderson.milkfat
hernandez.nitrogen	hernandez.nitrogen
hessling.argentina	hessling.argentina
hildebrand.systems	hildebrand.systems
holland.arthropods	holland.arthropods
holshouser.splitstrip	holshouser.splitstrip
holtsmark.timothy.uniformity	holtsmark.timothy.uniformity
huehn.wheat	huehn.wheat
hughes.grapes	hughes.grapes
hunter.corn	hunter.corn
igue.sugarcane.uniformity	igue.sugarcane.uniformity
ilri.sheep	ilri.sheep
immer.sugarbeet.uniformity	immer.sugarbeet.uniformity
ivins.herbs	ivins.herbs
iyer.wheat.uniformity	iyer.wheat.uniformity
jansen.apple	jansen.apple
jansen.carrot	jansen.carrot
jansen.strawberry	jansen.strawberry
jayaraman.bamboo	jayaraman.bamboo
jenkyn.mildew	jenkyn.mildew
john.alpha	john.alpha
johnson.blight	johnson.blight
johnson.douglasfir	johnson.douglasfir
jones.corn.uniformity	jones.corn.uniformity
kadam.millet.uniformity	kadam.millet.uniformity
kalamkar.potato.uniformity	kalamkar.potato.uniformity
kalamkar.wheat.uniformity	kalamkar.wheat.uniformity
kang.maize	kang.maize
kang.peanut	kang.peanut
karcher.turfgrass	karcher.turfgrass
kayad.alfalfa	kayad.alfalfa
keen.potatodamage	keen.potatodamage
kempton.barley.uniformity	kempton.barley.uniformity
kempton.competition	kempton.competition
kempton.rowcol	kempton.rowcol
kempton.slatehall	kempton.slatehall
kenward.cattle	kenward.cattle
kerr.sugarcane.uniformity	kerr.sugarcane.uniformity
khin.rice.uniformity	khin.rice.uniformity
kiesselbach.oats.uniformity	kiesselbach.oats.uniformity
kling.augmented	kling.augmented
kreusler.maize	kreusler.maize
kristensen.barley.uniformity	kristensen.barley.uniformity
kulkarni.sorghum.uniformity	kulkarni.sorghum.uniformity
lambert.soiltemp	lambert.soiltemp
lander.multi.uniformity	lander.multi.uniformity
lasrosas.corn	lasrosas.corn
lavoranti.eucalyptus	lavoranti.eucalyptus
laycock.tea.uniformity	laycock.tea.uniformity
lee.potatoblight	lee.potatoblight
lehmann.millet.uniformity	lehmann.millet.uniformity
lehner.soybeanmold	lehner.soybeanmold
lessman.sorghum.uniformity	lessman.sorghum.uniformity
li.millet.uniformity	li.millet.uniformity
libs	libs
lillemo.wheat	lillemo.wheat
lin.superiority	lin.superiority
lin.unbalanced	lin.unbalanced
linder.wheat	linder.wheat
little.splitblock	little.splitblock
loesell.bean.uniformity	loesell.bean.uniformity
lonnquist.maize	lonnquist.maize
lord.rice.uniformity	lord.rice.uniformity
love.cotton.uniformity	love.cotton.uniformity
lu.stability	lu.stability
lucas.switchback	lucas.switchback
lyon.potato.uniformity	lyon.potato.uniformity
lyons.wheat	lyons.wheat
magistad.pineapple.uniformity	magistad.pineapple.uniformity
masood.rice.uniformity	masood.rice.uniformity
mcclelland.corn.uniformity	mcclelland.corn.uniformity
mcconway.turnip	mcconway.turnip
mcleod.barley	mcleod.barley
mead.cauliflower	mead.cauliflower
mead.cowpea.maize	mead.cowpea.maize
mead.germination	mead.germination
mead.lamb	mead.lamb
mead.strawberry	mead.strawberry
mead.turnip	mead.turnip
mercer.mangold.uniformity	mercer.mangold.uniformity
mercer.wheat.uniformity	mercer.wheat.uniformity
miguez.biomass	miguez.biomass
minnesota.barley.weather	minnesota.barley.weather
minnesota.barley.yield	minnesota.barley.yield
montgomery.wheat.uniformity	montgomery.wheat.uniformity
moore.bushbean.uniformity	moore.uniformity
moore.carrot.uniformity	moore.uniformity
moore.fallcauliflower.uniformity	moore.uniformity
moore.polebean.uniformity	moore.uniformity
moore.springcauliflower.uniformity	moore.uniformity
moore.sweetcorn.uniformity	moore.uniformity
nagai.strawberry.uniformity	nagai.strawberry.uniformity
nair.turmeric.uniformity	nair.turmeric.uniformity
narain.sorghum.uniformity	narain.sorghum.uniformity
nass.barley	nass.corn
nass.corn	nass.corn
nass.cotton	nass.corn
nass.hay	nass.corn
nass.rice	nass.corn
nass.sorghum	nass.corn
nass.soybean	nass.corn
nass.wheat	nass.corn
nebraska.farmincome	nebraska.farmincome
nonnecke.peas.uniformity	nonnecke.peas.uniformity
nonnecke.sweetcorn.uniformity	nonnecke.sweetcorn.uniformity
obsi.potato.uniformity	obsi.potato.uniformity
odland.soybean.uniformity	odland.soybean.uniformity
odland.soyhay.uniformity	odland.soybean.uniformity
omer.sorghum	omer.sorghum
onofri.winterwheat	onofri.winterwheat
ortiz.tomato	ortiz.tomato
ortiz.tomato.covs	ortiz.tomato
ortiz.tomato.yield	ortiz.tomato
pacheco.soybean	pacheco.soybean
paez.coffee.uniformity	paez.coffee.uniformity
panse.cotton.uniformity	panse.cotton.uniformity
parker.orange.uniformity	parker.orange.uniformity
patterson.switchback	patterson.switchback
pearce.apple	pearce.apple
pearl.kernels	pearl.kernels
pederson.lettuce.repeated	pederson.lettuce.repeated
perry.springwheat	perry.springwheat
petersen.sorghum.cowpea	petersen.sorghum.cowpea
piepho.barley.uniformity	piepho.barley.uniformity
piepho.cocksfoot	piepho.cocksfoot
polson.safflower.uniformity	polson.safflower.uniformity
ratkowsky.onions	ratkowsky.onions
reid.grasses	reid.grasses
ridout.appleshoots	ridout.appleshoots
robinson.peanut.uniformity	robinson.peanut.uniformity
rothamsted.brussels	rothamsted.brussels
rothamsted.oats	rothamsted.oats
ryder.groundnut	ryder.groundnut
salmon.bunt	salmon.bunt
sawyer.multi.uniformity	sawyer.multi.uniformity
sayer.sugarcane.uniformity	sayer.sugarcane.uniformity
senshu.rice	senshu.rice
shafi.tomato.uniformity	shafi.tomato.uniformity
shafii.rapeseed	shafii.rapeseed
sharma.met	sharma.met
shaw.oats	shaw.oats
silva.cotton	silva.cotton
sinclair.clover	sinclair.clover
smith.beans.uniformity	smith.beans.uniformity
smith.corn.uniformity	smith.corn.uniformity
snedecor.asparagus	snedecor.asparagus
snijders.fusarium	snijders.fusarium
stephens.sorghum.uniformity	stephens.sorghum.uniformity
steptoe.morex.geno	steptoe.morex.pheno
steptoe.morex.pheno	steptoe.morex.pheno
stickler.sorghum.uniformity	stickler.sorghum.uniformity
stirret.borers	stirret.borers
streibig.competition	streibig.competition
strickland.apple.uniformity	strickland.apple.uniformity
strickland.grape.uniformity	strickland.grape.uniformity
strickland.peach.uniformity	strickland.peach.uniformity
strickland.tomato.uniformity	strickland.tomato.uniformity
stroup.nin	stroup.nin
stroup.splitplot	stroup.splitplot
student.barley	student.barley
tai.potato	tai.potato
talbot.potato	talbot.potato
talbot.potato.traits	talbot.potato
talbot.potato.yield	talbot.potato
theobald.barley	theobald.barley
theobald.covariate	theobald.covariate
thompson.cornsoy	thompson.cornsoy
turner.herbicide	turner.herbicide
urquhart.feedlot	urquhart.feedlot
usgs.herbicides	usgs.herbicides
vaneeuwijk.drymatter	vaneeuwijk.drymatter
vaneeuwijk.fusarium	vaneeuwijk.fusarium
vaneeuwijk.nematodes	vaneeuwijk.nematodes
vargas.txe	vargas.txe
vargas.txe.covs	vargas.txe
vargas.txe.yield	vargas.txe
vargas.wheat1	vargas.wheat1
vargas.wheat1.covs	vargas.wheat1
vargas.wheat1.traits	vargas.wheat1
vargas.wheat2	vargas.wheat2
vargas.wheat2.covs	vargas.wheat2
vargas.wheat2.yield	vargas.wheat2
verbyla.lupin	verbyla.lupin
vold.longterm	vold.longterm
vsn.lupin3	vsn.lupin3
wallace.iowaland	wallace.iowaland
walsh.cottonprice	walsh.cottonprice
wassom.brome.uniformity	wassom.brome.uniformity
waynick.soil	waynick.soil
wedderburn.barley	wedderburn.barley
weiss.incblock	weiss.incblock
weiss.lattice	weiss.lattice
welch.bermudagrass	welch.bermudagrass
wheatley.carrot	wheatley.carrot
wiebe.wheat.uniformity	wiebe.wheat.uniformity
wiedemann.safflower.uniformity	wiedemann.safflower.uniformity
williams.barley.uniformity	williams.barley.uniformity
williams.cotton.uniformity	williams.cotton.uniformity
williams.trees	williams.trees
woodman.pig	woodman.pig
wyatt.multi.uniformity	wyatt.multi.uniformity
yan.winterwheat	yan.winterwheat
yang.barley	yang.barley
yates.missing	yates.missing
yates.oats	yates.oats
zuidhof.broiler	zuidhof.broiler
